date,rank,song,artist,last-week,peak-rank,weeks-on-board
10/30/2021,1,Easy On Me,Adele,68,1,2
10/30/2021,2,Stay,The Kid LAROI and Justin Bieber,2,1,15
10/30/2021,3,Industry Baby,Lil Nas X and Jack Harlow,1,1,13
10/30/2021,4,Fancy Like,Walker Hayes,3,3,18
10/30/2021,5,Bad Habits,Ed Sheeran,4,2,17
10/30/2021,6,Way 2 Sexy,Drake Featuring Future and Young Thug,5,1,7
10/30/2021,7,Good 4 U,Olivia Rodrigo,6,1,23
10/30/2021,8,Levitating,Dua Lipa,8,2,55
10/30/2021,9,Shivers,Ed Sheeran,10,9,6
10/30/2021,10,Kiss Me More,Doja Cat Featuring SZA,7,3,28
10/30/2021,11,Need To Know,Doja Cat,11,11,19
10/30/2021,12,Essence,Wizkid Featuring Justin Bieber and Tems,9,9,16
10/30/2021,13,My Universe,Coldplay x BTS,18,1,4
10/30/2021,14,Heat Waves,Glass Animals,12,12,40
10/30/2021,15,Beggin,Maneskin,15,15,17
10/30/2021,16,You Right,Doja Cat and The Weeknd,16,11,17
10/30/2021,17,Save Your Tears,The Weeknd and Ariana Grande,13,1,45
10/30/2021,18,Knife Talk,Drake Featuring 21 Savage and Project Pat,14,4,7
10/30/2021,19,Who Want Smoke??,Nardo Wick Featuring G Herbo- Lil Durk and 21 Savage,17,17,2
10/30/2021,20,Bubbly,Young Thug With Drake and Travis Scott,0,20,1
10/30/2021,21,Cold Heart (PNAU Remix),Elton John and Dua Lipa,25,21,7
10/30/2021,22,Traitor,Olivia Rodrigo,21,9,22
10/30/2021,23,If I Didnt Love You,Jason Aldean and Carrie Underwood,19,15,13
10/30/2021,24,Montero (Call Me By Your Name),Lil Nas X,20,1,30
10/30/2021,25,Chasing After You,Ryan Hurd With Maren Morris,23,23,25
10/30/2021,26,Girls Want Girls,Drake Featuring Lil Baby,22,2,7
10/30/2021,27,Take My Breath,The Weeknd,24,6,11
10/30/2021,28,Thats What I Want,Lil Nas X,26,10,5
10/30/2021,29,Pepas,Farruko,27,25,13
10/30/2021,30,Happier Than Ever,Billie Eilish,30,11,12
10/30/2021,31,Love Nwantiti (Ah Ah Ah),CKay,31,31,5
10/30/2021,32,Meet Me At Our Spot,THE ANXIETY: WILLOW and Tyler Cole,44,32,6
10/30/2021,33,Wockesha,Moneybagg Yo,29,20,26
10/30/2021,34,Buy Dirt,Jordan Davis Featuring Luke Bryan,40,34,11
10/30/2021,35,Memory I Dont Mess With,Lee Brice,35,33,13
10/30/2021,36,A-O-K,Tai Verdes,34,34,16
10/30/2021,37,My Boy,Elvie Shane,28,28,17
10/30/2021,38,Ghost,Justin Bieber,32,32,4
10/30/2021,39,Pissed Me Off,Lil Durk,0,39,1
10/30/2021,40,You Should Probably Leave,Chris Stapleton,43,40,16
10/30/2021,41,Cold As You,Luke Combs,45,41,12
10/30/2021,42,I Was On A Boat That Day,Old Dominion,37,37,16
10/30/2021,43,Sharing Locations,Meek Mill Featuring Lil Baby and Lil Durk,36,22,8
10/30/2021,44,Leave The Door Open,Silk Sonic (Bruno Mars and Anderson .Paak),38,1,33
10/30/2021,45,Lets Go Brandon,Loza Alexander,0,45,1
10/30/2021,46,Gyalis,Capella Grey,46,38,12
10/30/2021,47,Wild Side,Normani Featuring Cardi B,52,14,14
10/30/2021,48,Fair Trade,Drake Featuring Travis Scott,39,3,7
10/30/2021,49,Leave Before You Love Me,Marshmello X Jonas Brothers,48,19,22
10/30/2021,50,Deja Vu,Olivia Rodrigo,42,3,29
10/30/2021,51,Thinking Bout You,Dustin Lynch Featuring Lauren Alaina Or MacKenzie Porter,55,51,10
10/30/2021,52,Family Ties,Baby Keem and Kendrick Lamar,49,18,8
10/30/2021,53,Have Mercy,Chloe,54,28,6
10/30/2021,54,Cold Beer Calling My Name,Jameson Rodgers Featuring Luke Combs,33,26,16
10/30/2021,55,Same Boat,Zac Brown Band,64,55,5
10/30/2021,56,Ex For A Reason,Summer Walker and JT,0,56,1
10/30/2021,57,Better Days,NEIKED X Mae Muller X Polo G,0,57,1
10/30/2021,58,Hurricane,Kanye West,50,6,8
10/30/2021,59,Baddest,Yung Bleu- Chris Brown and 2 Chainz,56,56,12
10/30/2021,60,Late At Night,Roddy Ricch,57,20,20
10/30/2021,61,Love Again,Dua Lipa,47,41,14
10/30/2021,62,Memory,Kane Brown X blackbear,60,50,15
10/30/2021,63,Chosen,Blxst and Tyga Featuring Ty Dolla $ign,65,63,4
10/30/2021,64,Knowing You,Kenny Chesney,62,62,10
10/30/2021,65,Woman,Doja Cat,63,62,12
10/30/2021,66,Esta Danada,Ivan Cornejo,61,61,3
10/30/2021,67,WFM,Realestk,75,67,2
10/30/2021,68,Livin It Up,Young Thug With Post Malone and A$AP Rocky,0,68,1
10/30/2021,69,Stressed,Young Thug With J. Cole and T-Shyne,0,69,1
10/30/2021,70,Whole Lotta Money,BIA Featuring Nicki Minaj,59,16,15
10/30/2021,71,Too Easy,Gunna and Future,66,38,4
10/30/2021,72,2055,Sleepy Hallow,58,51,14
10/30/2021,73,Lo Siento BB:/,Tainy- Bad Bunny and Julieta Venegas,51,51,2
10/30/2021,74,Sand In My Boots,Morgan Wallen,72,32,14
10/30/2021,75,Volvi,Aventura x Bad Bunny,67,22,12
10/30/2021,76,Til You Cant,Cody Johnson,94,76,2
10/30/2021,77,Jugaste y Sufri,Eslabon Armado Featuring DannyLux,69,69,3
10/30/2021,78,Rich N***a Shit,Young Thug With Juice WRLD,0,78,1
10/30/2021,79,Yonaguni,Bad Bunny,76,10,20
10/30/2021,80,One Mississippi,Kane Brown,78,73,4
10/30/2021,81,Whiskey And Rain,Michael Ray,82,81,3
10/30/2021,82,Thot Shit,Megan Thee Stallion,71,16,19
10/30/2021,83,Tequila Little Time,Jon Pardi,86,83,2
10/30/2021,84,Freedom Was A Highway,Jimmie Allen and Brad Paisley,88,84,2
10/30/2021,85,Maybach,42 Dugg Featuring Future,85,68,4
10/30/2021,86,Get Into It (Yuh),Doja Cat,79,68,11
10/30/2021,87,No Friends In The Industry,Drake,74,11,7
10/30/2021,88,For Tonight,Giveon,98,88,3
10/30/2021,89,Praise God,Kanye West,99,20,4
10/30/2021,90,Champagne Poetry,Drake,77,4,7
10/30/2021,91,Let Somebody Go,Coldplay X Selena Gomez,0,91,1
10/30/2021,92,Ya Superame (En Vivo Desde Culiacan- Sinaloa),Grupo Firme,0,92,1
10/30/2021,93,You Time,Scotty McCreery,80,50,12
10/30/2021,94,In The Bible,Drake Featuring Lil Durk and Giveon,83,7,7
10/30/2021,95,Peepin Out The Window,Young Thug With Future and BSlime,0,95,1
10/30/2021,96,Whos In Your Head,Jonas Brothers,95,95,2
10/30/2021,97,Woo Baby,Pop Smoke Featuring Chris Brown,92,64,3
10/30/2021,98,Flocky Flocky,Don Toliver Featuring Travis Scott,53,53,2
10/30/2021,99,Like A Lady,Lady A,90,90,2
10/30/2021,100,Just About Over You,Priscilla Block,97,97,2
10/23/2021,1,Industry Baby,Lil Nas X and Jack Harlow,2,1,12
10/23/2021,2,Stay,The Kid LAROI and Justin Bieber,1,1,14
10/23/2021,3,Fancy Like,Walker Hayes,3,3,17
10/23/2021,4,Bad Habits,Ed Sheeran,5,2,16
10/23/2021,5,Way 2 Sexy,Drake Featuring Future and Young Thug,4,1,6
10/23/2021,6,Good 4 U,Olivia Rodrigo,6,1,22
10/23/2021,7,Kiss Me More,Doja Cat Featuring SZA,7,3,27
10/23/2021,8,Levitating,Dua Lipa,8,2,54
10/23/2021,9,Essence,Wizkid Featuring Justin Bieber and Tems,10,9,15
10/23/2021,10,Shivers,Ed Sheeran,11,10,5
10/23/2021,11,Need To Know,Doja Cat,13,11,18
10/23/2021,12,Heat Waves,Glass Animals,15,12,39
10/23/2021,13,Save Your Tears,The Weeknd and Ariana Grande,14,1,44
10/23/2021,14,Knife Talk,Drake Featuring 21 Savage and Project Pat,9,4,6
10/23/2021,15,Beggin,Maneskin,16,15,16
10/23/2021,16,You Right,Doja Cat and The Weeknd,18,11,16
10/23/2021,17,Who Want Smoke??,Nardo Wick Featuring G Herbo- Lil Durk and 21 Savage,0,17,1
10/23/2021,18,My Universe,Coldplay x BTS,12,1,3
10/23/2021,19,If I Didnt Love You,Jason Aldean and Carrie Underwood,19,15,12
10/23/2021,20,Montero (Call Me By Your Name),Lil Nas X,17,1,29
10/23/2021,21,Traitor,Olivia Rodrigo,21,9,21
10/23/2021,22,Girls Want Girls,Drake Featuring Lil Baby,20,2,6
10/23/2021,23,Chasing After You,Ryan Hurd With Maren Morris,24,23,24
10/23/2021,24,Take My Breath,The Weeknd,22,6,10
10/23/2021,25,Cold Heart (PNAU Remix),Elton John and Dua Lipa,32,25,6
10/23/2021,26,Thats What I Want,Lil Nas X,26,10,4
10/23/2021,27,Pepas,Farruko,25,25,12
10/23/2021,28,My Boy,Elvie Shane,42,28,16
10/23/2021,29,Wockesha,Moneybagg Yo,27,20,25
10/23/2021,30,Happier Than Ever,Billie Eilish,29,11,11
10/23/2021,31,Love Nwantiti (Ah Ah Ah),CKay,35,31,4
10/23/2021,32,Ghost,Justin Bieber,93,32,3
10/23/2021,33,Cold Beer Calling My Name,Jameson Rodgers Featuring Luke Combs,28,26,15
10/23/2021,34,A-O-K,Tai Verdes,34,34,15
10/23/2021,35,Memory I Dont Mess With,Lee Brice,33,33,12
10/23/2021,36,Sharing Locations,Meek Mill Featuring Lil Baby and Lil Durk,23,22,7
10/23/2021,37,I Was On A Boat That Day,Old Dominion,45,37,15
10/23/2021,38,Leave The Door Open,Silk Sonic (Bruno Mars and Anderson .Paak),37,1,32
10/23/2021,39,Fair Trade,Drake Featuring Travis Scott,30,3,6
10/23/2021,40,Buy Dirt,Jordan Davis Featuring Luke Bryan,43,40,10
10/23/2021,41,Peaches,Justin Bieber Featuring Daniel Caesar and Giveon,39,1,30
10/23/2021,42,Deja Vu,Olivia Rodrigo,31,3,28
10/23/2021,43,You Should Probably Leave,Chris Stapleton,51,43,15
10/23/2021,44,Meet Me At Our Spot,THE ANXIETY: WILLOW and Tyler Cole,47,44,5
10/23/2021,45,Cold As You,Luke Combs,53,45,11
10/23/2021,46,Gyalis,Capella Grey,38,38,11
10/23/2021,47,Love Again,Dua Lipa,41,41,13
10/23/2021,48,Leave Before You Love Me,Marshmello X Jonas Brothers,40,19,21
10/23/2021,49,Family Ties,Baby Keem and Kendrick Lamar,46,18,7
10/23/2021,50,Hurricane,Kanye West,44,6,7
10/23/2021,51,Lo Siento BB:/,Tainy- Bad Bunny and Julieta Venegas,0,51,1
10/23/2021,52,Wild Side,Normani Featuring Cardi B,48,14,13
10/23/2021,53,Flocky Flocky,Don Toliver Featuring Travis Scott,0,53,1
10/23/2021,54,Have Mercy,Chloe,50,28,5
10/23/2021,55,Thinking Bout You,Dustin Lynch Featuring Lauren Alaina Or MacKenzie Porter,57,55,9
10/23/2021,56,Baddest,Yung Bleu- Chris Brown and 2 Chainz,56,56,11
10/23/2021,57,Late At Night,Roddy Ricch,49,20,19
10/23/2021,58,2055,Sleepy Hallow,63,51,13
10/23/2021,59,Whole Lotta Money,BIA Featuring Nicki Minaj,52,16,14
10/23/2021,60,Memory,Kane Brown X blackbear,68,50,14
10/23/2021,61,Esta Danada,Ivan Cornejo,96,61,2
10/23/2021,62,Knowing You,Kenny Chesney,67,62,9
10/23/2021,63,Woman,Doja Cat,62,62,11
10/23/2021,64,Same Boat,Zac Brown Band,77,64,4
10/23/2021,65,Chosen,Blxst and Tyga Featuring Ty Dolla $ign,80,65,3
10/23/2021,66,Too Easy,Gunna and Future,59,38,3
10/23/2021,67,Volvi,Aventura x Bad Bunny,73,22,11
10/23/2021,68,Easy On Me,Adele,0,68,1
10/23/2021,69,Jugaste y Sufri,Eslabon Armado Featuring DannyLux,75,69,2
10/23/2021,70,Todo de Ti,Rauw Alejandro,74,32,20
10/23/2021,71,Thot Shit,Megan Thee Stallion,70,16,18
10/23/2021,72,Sand In My Boots,Morgan Wallen,94,32,13
10/23/2021,73,Drinkin Beer. Talkin God. Amen.,Chase Rice Featuring Florida Georgia Line,71,24,20
10/23/2021,74,No Friends In The Industry,Drake,64,11,6
10/23/2021,75,WFM,Realestk,0,75,1
10/23/2021,76,Yonaguni,Bad Bunny,82,10,19
10/23/2021,77,Champagne Poetry,Drake,65,4,6
10/23/2021,78,One Mississippi,Kane Brown,92,73,3
10/23/2021,79,Get Into It (Yuh),Doja Cat,85,68,10
10/23/2021,80,You Time,Scotty McCreery,54,50,11
10/23/2021,81,Your Heart,Joyner Lucas and J. Cole,61,32,3
10/23/2021,82,Whiskey And Rain,Michael Ray,97,82,2
10/23/2021,83,In The Bible,Drake Featuring Lil Durk and Giveon,79,7,6
10/23/2021,84,Summer Of Love,Shawn Mendes and Tainy,84,48,8
10/23/2021,85,Maybach,42 Dugg Featuring Future,0,68,3
10/23/2021,86,Tequila Little Time,Jon Pardi,0,86,1
10/23/2021,87,Waves,Luke Bryan,87,24,17
10/23/2021,88,Freedom Was A Highway,Jimmie Allen and Brad Paisley,0,88,1
10/23/2021,89,Nevada,YoungBoy Never Broke Again,86,58,3
10/23/2021,90,Like A Lady,Lady A,0,90,1
10/23/2021,91,Life Goes On,Oliver Tree,0,91,1
10/23/2021,92,Woo Baby,Pop Smoke Featuring Chris Brown,0,64,2
10/23/2021,93,Life Support,YoungBoy Never Broke Again,88,48,5
10/23/2021,94,Til You Cant,Cody Johnson,0,94,1
10/23/2021,95,Whos In Your Head,Jonas Brothers,0,95,1
10/23/2021,96,Aint Shit,Doja Cat,0,24,13
10/23/2021,97,Just About Over You,Priscilla Block,0,97,1
10/23/2021,98,For Tonight,Giveon,0,91,2
10/23/2021,99,Praise God,Kanye West,0,20,3
10/23/2021,100,Bad Morning,YoungBoy Never Broke Again,81,28,3
10/16/2021,1,Stay,The Kid LAROI and Justin Bieber,2,1,13
10/16/2021,2,Industry Baby,Lil Nas X and Jack Harlow,3,2,11
10/16/2021,3,Fancy Like,Walker Hayes,5,3,16
10/16/2021,4,Way 2 Sexy,Drake Featuring Future and Young Thug,4,1,5
10/16/2021,5,Bad Habits,Ed Sheeran,6,2,15
10/16/2021,6,Good 4 U,Olivia Rodrigo,7,1,21
10/16/2021,7,Kiss Me More,Doja Cat Featuring SZA,8,3,26
10/16/2021,8,Levitating,Dua Lipa,10,2,53
10/16/2021,9,Knife Talk,Drake Featuring 21 Savage and Project Pat,9,4,5
10/16/2021,10,Essence,Wizkid Featuring Justin Bieber and Tems,11,10,14
10/16/2021,11,Shivers,Ed Sheeran,14,11,4
10/16/2021,12,My Universe,Coldplay x BTS,1,1,2
10/16/2021,13,Need To Know,Doja Cat,16,13,17
10/16/2021,14,Save Your Tears,The Weeknd and Ariana Grande,12,1,43
10/16/2021,15,Heat Waves,Glass Animals,15,15,38
10/16/2021,16,Beggin,Maneskin,19,16,15
10/16/2021,17,Montero (Call Me By Your Name),Lil Nas X,13,1,28
10/16/2021,18,You Right,Doja Cat and The Weeknd,18,11,15
10/16/2021,19,If I Didnt Love You,Jason Aldean and Carrie Underwood,21,15,11
10/16/2021,20,Girls Want Girls,Drake Featuring Lil Baby,17,2,5
10/16/2021,21,Traitor,Olivia Rodrigo,25,9,20
10/16/2021,22,Take My Breath,The Weeknd,22,6,9
10/16/2021,23,Sharing Locations,Meek Mill Featuring Lil Baby and Lil Durk,71,22,6
10/16/2021,24,Chasing After You,Ryan Hurd With Maren Morris,27,24,23
10/16/2021,25,Pepas,Farruko,29,25,11
10/16/2021,26,Thats What I Want,Lil Nas X,24,10,3
10/16/2021,27,Wockesha,Moneybagg Yo,20,20,24
10/16/2021,28,Cold Beer Calling My Name,Jameson Rodgers Featuring Luke Combs,26,26,14
10/16/2021,29,Happier Than Ever,Billie Eilish,31,11,10
10/16/2021,30,Fair Trade,Drake Featuring Travis Scott,23,3,5
10/16/2021,31,Deja Vu,Olivia Rodrigo,30,3,27
10/16/2021,32,Cold Heart (PNAU Remix),Elton John and Dua Lipa,46,32,5
10/16/2021,33,Memory I Dont Mess With,Lee Brice,43,33,11
10/16/2021,34,A-O-K,Tai Verdes,35,34,14
10/16/2021,35,Love Nwantiti (Ah Ah Ah),CKay,50,35,3
10/16/2021,36,Intro (Hate On Me),Meek Mill,0,36,1
10/16/2021,37,Leave The Door Open,Silk Sonic (Bruno Mars and Anderson .Paak),33,1,31
10/16/2021,38,Gyalis,Capella Grey,64,38,10
10/16/2021,39,Peaches,Justin Bieber Featuring Daniel Caesar and Giveon,41,1,29
10/16/2021,40,Leave Before You Love Me,Marshmello X Jonas Brothers,39,19,20
10/16/2021,41,Love Again,Dua Lipa,57,41,12
10/16/2021,42,My Boy,Elvie Shane,66,42,15
10/16/2021,43,Buy Dirt,Jordan Davis Featuring Luke Bryan,55,43,9
10/16/2021,44,Hurricane,Kanye West,34,6,6
10/16/2021,45,I Was On A Boat That Day,Old Dominion,49,45,14
10/16/2021,46,Family Ties,Baby Keem and Kendrick Lamar,42,18,6
10/16/2021,47,Meet Me At Our Spot,THE ANXIETY: WILLOW and Tyler Cole,47,44,4
10/16/2021,48,Wild Side,Normani Featuring Cardi B,51,14,12
10/16/2021,49,Late At Night,Roddy Ricch,44,20,18
10/16/2021,50,Have Mercy,Chloe,56,28,4
10/16/2021,51,You Should Probably Leave,Chris Stapleton,81,51,14
10/16/2021,52,Whole Lotta Money,BIA Featuring Nicki Minaj,52,16,13
10/16/2021,53,Cold As You,Luke Combs,65,53,10
10/16/2021,54,You Time,Scotty McCreery,63,50,10
10/16/2021,55,Drunk (And I Dont Wanna Go Home),Elle King and Miranda Lambert,68,53,24
10/16/2021,56,Baddest,Yung Bleu- Chris Brown and 2 Chainz,77,56,10
10/16/2021,57,Thinking Bout You,Dustin Lynch Featuring Lauren Alaina Or MacKenzie Porter,76,57,8
10/16/2021,58,Butter,BTS,36,1,20
10/16/2021,59,Too Easy,Gunna and Future,38,38,2
10/16/2021,60,Hot,Meek Mill Featuring Moneybagg Yo,0,60,1
10/16/2021,61,Your Heart,Joyner Lucas and J. Cole,32,32,2
10/16/2021,62,Woman,Doja Cat,75,62,10
10/16/2021,63,2055,Sleepy Hallow,78,51,12
10/16/2021,64,No Friends In The Industry,Drake,60,11,5
10/16/2021,65,Champagne Poetry,Drake,54,4,5
10/16/2021,66,Expensive Pain,Meek Mill,0,66,1
10/16/2021,67,Knowing You,Kenny Chesney,90,67,8
10/16/2021,68,Memory,Kane Brown X blackbear,79,50,13
10/16/2021,69,On My Soul,Meek Mill,0,69,1
10/16/2021,70,Thot Shit,Megan Thee Stallion,73,16,17
10/16/2021,71,Drinkin Beer. Talkin God. Amen.,Chase Rice Featuring Florida Georgia Line,82,24,19
10/16/2021,72,Blue Note$ II,Meek Mill Featuring Lil Uzi Vert,0,72,2
10/16/2021,73,Volvi,Aventura x Bad Bunny,85,22,10
10/16/2021,74,Todo de Ti,Rauw Alejandro,86,32,19
10/16/2021,75,Jugaste y Sufri,Eslabon Armado Featuring DannyLux,0,75,1
10/16/2021,76,Outside (100 MPH),Meek Mill,0,76,1
10/16/2021,77,Same Boat,Zac Brown Band,95,77,3
10/16/2021,78,Last One Standing,Skylar Grey- Polo G- Mozzy and Eminem,0,78,1
10/16/2021,79,In The Bible,Drake Featuring Lil Durk and Giveon,72,7,5
10/16/2021,80,Chosen,Blxst and Tyga Featuring Ty Dolla $ign,98,80,2
10/16/2021,81,Bad Morning,YoungBoy Never Broke Again,28,28,2
10/16/2021,82,Yonaguni,Bad Bunny,89,10,18
10/16/2021,83,The Feels,TWICE,0,83,1
10/16/2021,84,Summer Of Love,Shawn Mendes and Tainy,93,48,7
10/16/2021,85,Get Into It (Yuh),Doja Cat,94,68,9
10/16/2021,86,Nevada,YoungBoy Never Broke Again,58,58,2
10/16/2021,87,Waves,Luke Bryan,70,24,16
10/16/2021,88,Life Support,YoungBoy Never Broke Again,48,48,4
10/16/2021,89,Me (FWM),Meek Mill Featuring A$AP Ferg,0,89,1
10/16/2021,90,Love Train,Meek Mill,0,90,1
10/16/2021,91,Feelin Like Tunechi,Lil Wayne Featuring Rich The Kid,0,91,1
10/16/2021,92,One Mississippi,Kane Brown,0,73,2
10/16/2021,93,Ghost,Justin Bieber,0,66,2
10/16/2021,94,Sand In My Boots,Morgan Wallen,0,32,12
10/16/2021,95,Ride For You,Meek Mill Featuring Kehlani,0,95,1
10/16/2021,96,Esta Danada,Ivan Cornejo,0,96,1
10/16/2021,97,Whiskey And Rain,Michael Ray,0,97,1
10/16/2021,98,TSU,Drake,84,9,5
10/16/2021,99,Love All,Drake Featuring JAY-Z,87,10,5
10/16/2021,100,No Where,YoungBoy Never Broke Again,40,40,2
10/9/2021,1,My Universe,Coldplay x BTS,0,1,1
10/9/2021,2,Stay,The Kid LAROI and Justin Bieber,1,1,12
10/9/2021,3,Industry Baby,Lil Nas X and Jack Harlow,2,2,10
10/9/2021,4,Way 2 Sexy,Drake Featuring Future and Young Thug,3,1,4
10/9/2021,5,Fancy Like,Walker Hayes,5,5,15
10/9/2021,6,Bad Habits,Ed Sheeran,4,2,14
10/9/2021,7,Good 4 U,Olivia Rodrigo,6,1,20
10/9/2021,8,Kiss Me More,Doja Cat Featuring SZA,7,3,25
10/9/2021,9,Knife Talk,Drake Featuring 21 Savage and Project Pat,8,4,4
10/9/2021,10,Levitating,Dua Lipa,11,2,52
10/9/2021,11,Essence,Wizkid Featuring Justin Bieber and Tems,14,11,13
10/9/2021,12,Save Your Tears,The Weeknd and Ariana Grande,12,1,42
10/9/2021,13,Montero (Call Me By Your Name),Lil Nas X,9,1,27
10/9/2021,14,Shivers,Ed Sheeran,17,14,3
10/9/2021,15,Heat Waves,Glass Animals,16,15,37
10/9/2021,16,Need To Know,Doja Cat,18,14,16
10/9/2021,17,Girls Want Girls,Drake Featuring Lil Baby,13,2,4
10/9/2021,18,You Right,Doja Cat and The Weeknd,19,11,14
10/9/2021,19,Beggin,Maneskin,20,19,14
10/9/2021,20,Wockesha,Moneybagg Yo,35,20,23
10/9/2021,21,If I Didnt Love You,Jason Aldean and Carrie Underwood,22,15,10
10/9/2021,22,Take My Breath,The Weeknd,21,6,8
10/9/2021,23,Fair Trade,Drake Featuring Travis Scott,15,3,4
10/9/2021,24,Thats What I Want,Lil Nas X,10,10,2
10/9/2021,25,Traitor,Olivia Rodrigo,25,9,19
10/9/2021,26,Cold Beer Calling My Name,Jameson Rodgers Featuring Luke Combs,29,26,13
10/9/2021,27,Chasing After You,Ryan Hurd With Maren Morris,32,27,22
10/9/2021,28,Bad Morning,YoungBoy Never Broke Again,0,28,1
10/9/2021,29,Pepas,Farruko,27,26,10
10/9/2021,30,Deja Vu,Olivia Rodrigo,23,3,26
10/9/2021,31,Happier Than Ever,Billie Eilish,28,11,9
10/9/2021,32,Your Heart,Joyner Lucas and J. Cole,0,32,1
10/9/2021,33,Leave The Door Open,Silk Sonic (Bruno Mars and Anderson .Paak),33,1,30
10/9/2021,34,Hurricane,Kanye West,31,6,5
10/9/2021,35,A-O-K,Tai Verdes,39,35,13
10/9/2021,36,Butter,BTS,24,1,19
10/9/2021,37,On My Side,YoungBoy Never Broke Again,71,37,2
10/9/2021,38,Too Easy,Gunna and Future,0,38,1
10/9/2021,39,Leave Before You Love Me,Marshmello X Jonas Brothers,26,19,19
10/9/2021,40,No Where,YoungBoy Never Broke Again,0,40,1
10/9/2021,41,Peaches,Justin Bieber Featuring Daniel Caesar and Giveon,36,1,28
10/9/2021,42,Family Ties,Baby Keem and Kendrick Lamar,38,18,5
10/9/2021,43,Memory I Dont Mess With,Lee Brice,54,43,10
10/9/2021,44,Late At Night,Roddy Ricch,45,20,17
10/9/2021,45,Things A Man Oughta Know,Lainey Wilson,34,32,20
10/9/2021,46,Cold Heart (PNAU Remix),Elton John and Dua Lipa,74,46,4
10/9/2021,47,Meet Me At Our Spot,THE ANXIETY: WILLOW and Tyler Cole,44,44,3
10/9/2021,48,Life Support,YoungBoy Never Broke Again,79,48,3
10/9/2021,49,I Was On A Boat That Day,Old Dominion,53,49,13
10/9/2021,50,Love Nwantiti (Ah Ah Ah),CKay,80,50,2
10/9/2021,51,Wild Side,Normani Featuring Cardi B,52,14,11
10/9/2021,52,Whole Lotta Money,BIA Featuring Nicki Minaj,58,16,12
10/9/2021,53,Hold Me Down,YoungBoy Never Broke Again,0,53,1
10/9/2021,54,Champagne Poetry,Drake,30,4,4
10/9/2021,55,Buy Dirt,Jordan Davis Featuring Luke Bryan,55,51,8
10/9/2021,56,Have Mercy,Chloe,56,28,3
10/9/2021,57,Love Again,Dua Lipa,51,51,11
10/9/2021,58,Nevada,YoungBoy Never Broke Again,0,58,1
10/9/2021,59,50 Shots,YoungBoy Never Broke Again,0,59,1
10/9/2021,60,No Friends In The Industry,Drake,40,11,4
10/9/2021,61,Smoke Strong,YoungBoy Never Broke Again,0,61,1
10/9/2021,62,Break Or Make Me,YoungBoy Never Broke Again,0,62,1
10/9/2021,63,You Time,Scotty McCreery,50,50,9
10/9/2021,64,Gyalis,Capella Grey,64,64,9
10/9/2021,65,Cold As You,Luke Combs,69,65,9
10/9/2021,66,My Boy,Elvie Shane,67,66,14
10/9/2021,67,Sincerely,YoungBoy Never Broke Again,0,67,1
10/9/2021,68,Drunk (And I Dont Wanna Go Home),Elle King and Miranda Lambert,70,53,23
10/9/2021,69,I Cant Take It Back,YoungBoy Never Broke Again,0,69,1
10/9/2021,70,Waves,Luke Bryan,60,24,15
10/9/2021,71,Sharing Locations,Meek Mill Featuring Lil Baby and Lil Durk,61,22,5
10/9/2021,72,In The Bible,Drake Featuring Lil Durk and Giveon,43,7,4
10/9/2021,73,Thot Shit,Megan Thee Stallion,49,16,16
10/9/2021,74,Rumors,Lizzo Featuring Cardi B,46,4,7
10/9/2021,75,Woman,Doja Cat,62,62,9
10/9/2021,76,Thinking Bout You,Dustin Lynch Featuring Lauren Alaina Or MacKenzie Porter,81,76,7
10/9/2021,77,Baddest,Yung Bleu- Chris Brown and 2 Chainz,78,77,9
10/9/2021,78,2055,Sleepy Hallow,65,51,11
10/9/2021,79,Memory,Kane Brown X blackbear,73,50,12
10/9/2021,80,Forgiato,YoungBoy Never Broke Again,0,80,1
10/9/2021,81,You Should Probably Leave,Chris Stapleton,83,63,13
10/9/2021,82,Drinkin Beer. Talkin God. Amen.,Chase Rice Featuring Florida Georgia Line,77,24,18
10/9/2021,83,Rich Shit,YoungBoy Never Broke Again,0,83,1
10/9/2021,84,TSU,Drake,48,9,4
10/9/2021,85,Volvi,Aventura x Bad Bunny,75,22,9
10/9/2021,86,Todo de Ti,Rauw Alejandro,82,32,18
10/9/2021,87,Love All,Drake Featuring JAY-Z,57,10,4
10/9/2021,88,N 2 Deep,Drake Featuring Future,59,12,4
10/9/2021,89,Yonaguni,Bad Bunny,85,10,17
10/9/2021,90,Knowing You,Kenny Chesney,96,87,7
10/9/2021,91,For Tonight,Giveon,0,91,1
10/9/2021,92,Baddest Thing,YoungBoy Never Broke Again,0,92,1
10/9/2021,93,Summer Of Love,Shawn Mendes and Tainy,87,48,6
10/9/2021,94,Get Into It (Yuh),Doja Cat,84,68,8
10/9/2021,95,Same Boat,Zac Brown Band,98,95,2
10/9/2021,96,Pipe Down,Drake,68,14,4
10/9/2021,97,Papis Home,Drake,66,8,4
10/9/2021,98,Chosen,Blxst and Tyga Featuring Ty Dolla $ign,0,98,1
10/9/2021,99,Toxic Punk,YoungBoy Never Broke Again,0,99,1
10/9/2021,100,Moon,Kanye West,76,17,5
10/2/2021,1,Stay,The Kid LAROI and Justin Bieber,1,1,11
10/2/2021,2,Industry Baby,Lil Nas X and Jack Harlow,6,2,9
10/2/2021,3,Way 2 Sexy,Drake Featuring Future and Young Thug,2,1,3
10/2/2021,4,Bad Habits,Ed Sheeran,3,2,13
10/2/2021,5,Fancy Like,Walker Hayes,5,5,14
10/2/2021,6,Good 4 U,Olivia Rodrigo,7,1,19
10/2/2021,7,Kiss Me More,Doja Cat Featuring SZA,8,3,24
10/2/2021,8,Knife Talk,Drake Featuring 21 Savage and Project Pat,4,4,3
10/2/2021,9,Montero (Call Me By Your Name),Lil Nas X,13,1,26
10/2/2021,10,Thats What I Want,Lil Nas X,0,10,1
10/2/2021,11,Levitating,Dua Lipa,9,2,51
10/2/2021,12,Save Your Tears,The Weeknd and Ariana Grande,12,1,41
10/2/2021,13,Girls Want Girls,Drake Featuring Lil Baby,10,2,3
10/2/2021,14,Essence,Wizkid Featuring Justin Bieber and Tems,17,13,12
10/2/2021,15,Fair Trade,Drake Featuring Travis Scott,11,3,3
10/2/2021,16,Heat Waves,Glass Animals,15,15,36
10/2/2021,17,Shivers,Ed Sheeran,16,16,2
10/2/2021,18,Need To Know,Doja Cat,21,14,15
10/2/2021,19,You Right,Doja Cat and The Weeknd,18,11,13
10/2/2021,20,Beggin,Maneskin,30,20,13
10/2/2021,21,Take My Breath,The Weeknd,23,6,7
10/2/2021,22,If I Didnt Love You,Jason Aldean and Carrie Underwood,24,15,9
10/2/2021,23,Deja Vu,Olivia Rodrigo,20,3,25
10/2/2021,24,Butter,BTS,14,1,18
10/2/2021,25,Traitor,Olivia Rodrigo,37,9,18
10/2/2021,26,Leave Before You Love Me,Marshmello X Jonas Brothers,32,19,18
10/2/2021,27,Pepas,Farruko,34,26,9
10/2/2021,28,Happier Than Ever,Billie Eilish,36,11,8
10/2/2021,29,Cold Beer Calling My Name,Jameson Rodgers Featuring Luke Combs,43,29,12
10/2/2021,30,Champagne Poetry,Drake,19,4,3
10/2/2021,31,Hurricane,Kanye West,26,6,4
10/2/2021,32,Chasing After You,Ryan Hurd With Maren Morris,39,32,21
10/2/2021,33,Leave The Door Open,Silk Sonic (Bruno Mars and Anderson .Paak),31,1,29
10/2/2021,34,Things A Man Oughta Know,Lainey Wilson,38,32,19
10/2/2021,35,Wockesha,Moneybagg Yo,50,33,22
10/2/2021,36,Peaches,Justin Bieber Featuring Daniel Caesar and Giveon,40,1,27
10/2/2021,37,Wildest Dreams (Taylors Version),Taylor Swift,0,37,1
10/2/2021,38,Family Ties,Baby Keem and Kendrick Lamar,25,18,4
10/2/2021,39,A-O-K,Tai Verdes,46,39,12
10/2/2021,40,No Friends In The Industry,Drake,22,11,3
10/2/2021,41,Arcade,Duncan Laurence,42,30,24
10/2/2021,42,Scoop,Lil Nas X Featuring Doja Cat,0,42,1
10/2/2021,43,In The Bible,Drake Featuring Lil Durk and Giveon,29,7,3
10/2/2021,44,Meet Me At Our Spot,THE ANXIETY: WILLOW and Tyler Cole,64,44,2
10/2/2021,45,Late At Night,Roddy Ricch,49,20,16
10/2/2021,46,Rumors,Lizzo Featuring Cardi B,44,4,6
10/2/2021,47,Dolla Sign Slime,Lil Nas X Featuring Megan Thee Stallion,0,47,1
10/2/2021,48,TSU,Drake,27,9,3
10/2/2021,49,Thot Shit,Megan Thee Stallion,48,16,15
10/2/2021,50,You Time,Scotty McCreery,69,50,8
10/2/2021,51,Love Again,Dua Lipa,55,51,10
10/2/2021,52,Wild Side,Normani Featuring Cardi B,59,14,10
10/2/2021,53,I Was On A Boat That Day,Old Dominion,56,53,12
10/2/2021,54,Memory I Dont Mess With,Lee Brice,62,54,9
10/2/2021,55,Buy Dirt,Jordan Davis Featuring Luke Bryan,51,51,7
10/2/2021,56,Have Mercy,Chloe,28,28,2
10/2/2021,57,Love All,Drake Featuring JAY-Z,35,10,3
10/2/2021,58,Whole Lotta Money,BIA Featuring Nicki Minaj,61,16,11
10/2/2021,59,N 2 Deep,Drake Featuring Future,33,12,3
10/2/2021,60,Waves,Luke Bryan,52,24,14
10/2/2021,61,Sharing Locations,Meek Mill Featuring Lil Baby and Lil Durk,65,22,4
10/2/2021,62,Woman,Doja Cat,67,62,8
10/2/2021,63,Lonely,DaBaby X Lil Wayne,68,63,2
10/2/2021,64,Gyalis,Capella Grey,70,64,8
10/2/2021,65,2055,Sleepy Hallow,66,51,10
10/2/2021,66,Papis Home,Drake,41,8,3
10/2/2021,67,My Boy,Elvie Shane,74,67,13
10/2/2021,68,Pipe Down,Drake,45,14,3
10/2/2021,69,Cold As You,Luke Combs,79,69,8
10/2/2021,70,Drunk (And I Dont Wanna Go Home),Elle King and Miranda Lambert,73,53,22
10/2/2021,71,On My Side,YoungBoy Never Broke Again,0,71,1
10/2/2021,72,Dead Right Now,Lil Nas X,0,72,1
10/2/2021,73,Memory,Kane Brown X blackbear,81,50,11
10/2/2021,74,Cold Heart (PNAU Remix),Elton John and Dua Lipa,98,74,3
10/2/2021,75,Volvi,Aventura x Bad Bunny,80,22,8
10/2/2021,76,Moon,Kanye West,58,17,4
10/2/2021,77,Drinkin Beer. Talkin God. Amen.,Chase Rice Featuring Florida Georgia Line,77,24,17
10/2/2021,78,Baddest,Yung Bleu- Chris Brown and 2 Chainz,94,78,8
10/2/2021,79,Life Support,YoungBoy Never Broke Again,63,63,2
10/2/2021,80,Love Nwantiti (Ah Ah Ah),CKay,0,80,1
10/2/2021,81,Thinking Bout You,Dustin Lynch Featuring Lauren Alaina Or MacKenzie Porter,91,81,6
10/2/2021,82,Todo de Ti,Rauw Alejandro,82,32,17
10/2/2021,83,You Should Probably Leave,Chris Stapleton,92,63,12
10/2/2021,84,Get Into It (Yuh),Doja Cat,85,68,7
10/2/2021,85,Yonaguni,Bad Bunny,87,10,16
10/2/2021,86,Tales Of Dominica,Lil Nas X,0,86,1
10/2/2021,87,Summer Of Love,Shawn Mendes and Tainy,93,48,5
10/2/2021,88,One Of Me,Lil Nas X Featuring Elton John,0,88,1
10/2/2021,89,Race My Mind,Drake,54,18,3
10/2/2021,90,Lost In The Citadel,Lil Nas X,0,90,1
10/2/2021,91,Sun Goes Down,Lil Nas X,0,66,2
10/2/2021,92,7am On Bridle Path,Drake,57,16,3
10/2/2021,93,Off The Grid,Kanye West,75,11,4
10/2/2021,94,In Da Getto,J Balvin and Skrillex,90,90,3
10/2/2021,95,Skate,Silk Sonic (Bruno Mars and Anderson .Paak),71,14,8
10/2/2021,96,Knowing You,Kenny Chesney,100,87,6
10/2/2021,97,Am I Dreaming,Lil Nas X Featuring Miley Cyrus,0,97,1
10/2/2021,98,Same Boat,Zac Brown Band,0,98,1
10/2/2021,99,Come Through,H.E.R. Featuring Chris Brown,95,64,15
10/2/2021,100,Dont Go Yet,Camila Cabello,88,42,9
